SOCIAL_CLASS_HI,SOCIAL_CLASS_LI,SOCIAL_CLASS_MI,EMPLOYMENT_STATUS_N,EMPLOYMENT_STATUS_Y,PREMIUM_AMOUNT,CLAIM_AMOUNT,RISK_SEGMENTATION,INCIDENT_SEVERITY
False,False,True,False,True,83.77,8000,1,3
False,False,True,False,True,82.14,5000,3,2
True,False,False,False,True,101.15,8000,3,2
False,True,False,False,True,128.73,9000,1,1
False,False,True,False,True,116.55,8000,3,3
True,False,False,False,True,89.11,2000,3,1
False,False,True,False,True,117.72,7000,1,2
False,False,True,False,True,116.99,10000,2,1
False,False,True,False,True,82.82,9000,1,2
False,False,True,False,True,92.71,2000,3,3
False,False,True,False,True,100.14,7000,1,2
True,False,False,False,True,109.33,6000,1,3
True,False,False,False,True,126.63,1000,1,2
False,False,True,False,True,82.0,10000,1,1
True,False,False,False,True,116.8,9000,1,3
False,False,True,True,False,136.47,1000,1,3
False,False,True,True,False,127.87,7000,2,3
True,False,False,False,True,134.55,6000,1,2
True,False,False,True,False,107.72,3000,1,3
False,True,False,False,True,111.08,5000,1,1
False,False,True,False,True,91.56,5000,1,1
False,False,True,False,True,129.58,4000,1,1
False,True,False,False,True,80.73,4000,1,1
True,False,False,False,True,110.4,1000,1,1
False,True,False,False,True,112.42,4000,2,3
False,True,False,True,False,71.18,7000,1,1
False,True,False,False,True,78.65,3000,2,3
True,False,False,False,True,95.58,5000,2,2
False,True,False,False,True,92.14,1000,2,2
False,False,True,False,True,136.01,5000,1,2
False,True,False,False,True,123.3,1000,1,3
True,False,False,False,True,90.32,5000,2,3
False,False,True,False,True,74.82,6000,2,1
False,True,False,False,True,70.94,4000,2,3
False,True,False,False,True,106.17,2000,2,1
True,False,False,False,True,73.44,1000,1,2
True,False,False,True,False,129.97,4000,2,2
True,False,False,False,True,134.18,4000,1,1
False,False,True,False,True,134.54,6000,1,3
False,False,True,False,True,93.9,2000,1,2
True,False,False,False,True,115.54,5000,3,3
False,True,False,False,True,103.16,3000,2,1
False,False,True,True,False,124.6,5000,2,3
False,False,True,False,True,106.34,8000,2,1
False,True,False,False,True,96.1,6000,2,1
True,False,False,False,True,110.44,3000,2,3
False,False,True,False,True,121.7,4000,3,2
True,False,False,False,True,114.12,5000,3,3
False,False,True,False,True,104.64,8000,1,3
False,True,False,False,True,97.13,6000,1,2
True,False,False,False,True,81.75,1000,1,2
True,False,False,False,True,90.83,4000,3,2
False,False,True,False,True,137.71,8000,1,2
True,False,False,False,True,87.64,10000,2,3
False,False,True,False,True,108.84,4000,2,1
True,False,False,False,True,104.97,1000,2,1
False,False,True,False,True,101.29,4000,3,2
False,False,True,False,True,121.21,7000,1,1
True,False,False,False,True,126.97,5000,3,2
False,False,True,False,True,104.23,1000,1,3
False,True,False,False,True,104.1,6000,1,1
False,False,True,False,True,139.24,4000,1,1
True,False,False,False,True,112.53,8000,1,3
False,False,True,False,True,113.33,2000,1,2
False,False,True,False,True,78.64,9000,2,2
False,False,True,False,True,91.97,2000,2,3
False,False,True,False,True,133.72,9000,2,2
False,False,True,False,True,91.89,6000,2,3
False,True,False,False,True,116.49,8000,2,2
True,False,False,False,True,77.08,7000,2,1
False,False,True,False,True,130.07,5000,1,1
False,False,True,False,True,99.6,4000,1,3
True,False,False,False,True,120.59,8000,1,3
False,False,True,False,True,135.75,8000,2,2
True,False,False,False,True,132.19,4000,3,3
False,True,False,False,True,122.41,2000,1,1
False,False,True,False,True,80.18,10000,1,3
False,True,False,True,False,138.39,8000,2,1
False,True,False,False,True,80.2,4000,3,2
False,False,True,False,True,76.06,2000,1,3
False,False,True,False,True,134.71,6000,2,3
False,False,True,False,True,98.63,8000,2,3
False,False,True,False,True,123.56,1000,3,2
True,False,False,False,True,128.58,9000,3,2
False,False,True,False,True,133.61,3000,1,1
False,False,True,False,True,73.34,1000,2,1
False,False,True,False,True,129.38,2000,1,2
False,False,True,False,True,131.11,5000,2,3
False,False,True,True,False,132.66,9000,2,3
False,False,True,False,True,81.46,8000,1,2
False,True,False,False,True,92.87,7000,1,1
False,True,False,False,True,130.13,10000,2,1
False,True,False,False,True,121.35,2000,2,2
False,True,False,False,True,73.93,5000,2,1
False,True,False,False,True,102.16,7000,2,2
False,True,False,False,True,80.5,3000,2,1
False,False,True,False,True,110.63,2000,1,1
True,False,False,False,True,73.78,1000,1,1
False,True,False,False,True,85.44,6000,2,1
True,False,False,False,True,129.99,2000,1,3
True,False,False,True,False,105.45,4000,2,1
False,True,False,False,True,132.84,6000,1,1
False,False,True,False,True,133.58,5000,1,1
False,False,True,False,True,84.79,2000,3,3
False,True,False,False,True,98.44,10000,1,2
False,False,True,False,True,132.57,10000,3,3
False,False,True,False,True,90.73,10000,2,3
False,True,False,False,True,78.1,2000,1,2
True,False,False,False,True,134.59,1000,3,2
False,False,True,False,True,71.99,3000,1,1
False,False,True,False,True,76.06,3000,1,3
False,False,True,False,True,91.03,10000,1,2
False,False,True,False,True,127.92,10000,1,3
False,True,False,False,True,133.83,3000,2,1
False,True,False,False,True,72.26,9000,3,2
False,False,True,False,True,80.48,2000,3,2
False,True,False,False,True,94.8,6000,2,3
False,True,False,False,True,82.03,6000,3,2
False,False,True,False,True,110.87,5000,2,2
False,False,True,False,True,112.49,1000,1,3
False,False,True,False,True,82.4,10000,2,1
False,False,True,False,True,84.81,8000,1,1
True,False,False,False,True,92.74,10000,1,2
False,False,True,False,True,134.61,2000,3,2
False,False,True,False,True,127.69,1000,2,3
False,False,True,False,True,80.54,8000,2,2
False,True,False,False,True,123.91,5000,1,3
True,False,False,False,True,124.35,1000,1,3
False,True,False,False,True,78.08,9000,1,1
False,True,False,False,True,110.77,10000,3,1
False,True,False,False,True,114.85,10000,2,1
True,False,False,False,True,79.81,7000,2,2
False,False,True,False,True,118.59,4000,1,3
True,False,False,False,True,111.52,2000,1,3
True,False,False,False,True,90.26,2000,3,2
False,True,False,False,True,101.39,6000,1,3
False,False,True,False,True,110.79,8000,2,3
False,True,False,False,True,123.86,2000,2,1
False,False,True,False,True,105.28,7000,3,1
False,False,True,False,True,87.21,2000,1,1
False,False,True,False,True,86.55,8000,1,1
False,False,True,False,True,95.24,9000,3,2
False,False,True,False,True,71.49,10000,2,2
True,False,False,False,True,116.98,9000,1,2
False,False,True,False,True,116.63,6000,3,1
False,True,False,False,True,105.82,2000,1,1
False,False,True,False,True,99.57,2000,2,2
False,True,False,False,True,117.6,4000,1,3
False,True,False,False,True,108.7,8000,1,1
False,True,False,False,True,131.94,7000,3,1
False,True,False,False,True,127.6,3000,1,1
False,True,False,False,True,111.68,6000,2,1
False,True,False,False,True,139.05,9000,2,2
False,False,True,False,True,82.24,10000,2,1
False,False,True,False,True,91.32,8000,2,3
False,False,True,False,True,81.83,2000,3,1
False,False,True,False,True,100.93,3000,2,2
False,True,False,True,False,105.1,6000,1,2
True,False,False,False,True,110.57,8000,2,2
False,False,True,False,True,80.13,7000,1,3
True,False,False,False,True,125.61,7000,2,3
False,False,True,False,True,98.48,5000,2,1
False,False,True,False,True,119.42,10000,3,3
False,True,False,False,True,70.39,6000,1,3
False,True,False,False,True,90.48,2000,1,3
False,False,True,False,True,75.06,4000,3,3
False,True,False,True,False,105.16,1000,3,2
True,False,False,False,True,137.91,1000,2,1
True,False,False,False,True,93.27,2000,3,2
False,False,True,False,True,74.2,1000,3,2
False,True,False,False,True,137.32,8000,1,2
True,False,False,False,True,93.67,3000,1,1
False,False,True,True,False,138.36,9000,2,2
False,False,True,False,True,103.56,7000,2,3
False,False,True,True,False,71.2,2000,2,2
True,False,False,False,True,85.09,5000,1,1
False,True,False,False,True,127.86,5000,1,2
False,False,True,False,True,134.42,10000,1,1
False,False,True,False,True,103.97,9000,1,2
False,False,True,False,True,114.16,8000,2,1
True,False,False,False,True,138.08,2000,1,2
True,False,False,False,True,113.54,10000,2,2
True,False,False,False,True,137.78,2000,2,3
False,False,True,False,True,129.6,6000,1,1
False,True,False,False,True,98.91,1000,1,3
False,False,True,True,False,88.6,5000,2,1
True,False,False,False,True,138.64,9000,2,1
False,True,False,False,True,75.09,4000,2,2
True,False,False,False,True,137.49,9000,1,2
False,False,True,False,True,119.98,3000,2,1
False,True,False,False,True,124.12,5000,3,2
False,False,True,False,True,134.02,8000,1,1
True,False,False,False,True,107.65,6000,2,1
False,True,False,False,True,87.5,9000,2,2
False,False,True,False,True,99.2,8000,1,2
False,True,False,False,True,132.93,6000,1,2
False,False,True,False,True,135.74,3000,1,1
False,False,True,False,True,117.2,9000,1,1
False,False,True,False,True,77.9,2000,2,2
False,False,True,False,True,84.24,1000,1,1
True,False,False,False,True,137.35,9000,1,1
True,False,False,False,True,103.95,6000,1,1
False,False,True,False,True,80.82,7000,3,2
False,False,True,False,True,107.99,7000,3,3
False,False,True,False,True,103.07,4000,2,2
True,False,False,False,True,74.09,9000,2,2
False,False,True,False,True,139.68,1000,1,1
False,True,False,False,True,101.73,2000,1,2
False,False,True,False,True,92.39,7000,1,2
False,True,False,False,True,112.59,10000,1,2
False,False,True,False,True,74.92,1000,3,1
False,True,False,False,True,75.43,6000,1,1
False,False,True,False,True,87.03,9000,1,1
True,False,False,False,True,122.06,3000,2,3
True,False,False,False,True,99.44,8000,3,1
False,True,False,False,True,77.92,7000,1,1
False,False,True,False,True,89.54,6000,2,3
False,False,True,False,True,93.43,7000,1,2
True,False,False,False,True,75.11,8000,1,3
False,True,False,False,True,97.1,1000,2,3
False,False,True,False,True,115.25,8000,1,2
True,False,False,False,True,95.96,10000,1,2
False,False,True,False,True,86.1,8000,1,2
True,False,False,False,True,100.91,4000,1,1
True,False,False,False,True,105.23,2000,1,3
False,False,True,False,True,130.67,8000,1,1
False,True,False,False,True,101.88,4000,1,2
False,False,True,False,True,106.99,7000,2,2
False,False,True,False,True,136.29,7000,1,3
True,False,False,False,True,115.5,2000,2,1
False,False,True,False,True,77.23,7000,2,3
True,False,False,False,True,105.57,3000,2,2
True,False,False,False,True,91.12,8000,2,2
False,True,False,False,True,128.58,9000,2,1
False,True,False,False,True,102.83,10000,1,2
True,False,False,False,True,103.96,9000,1,1
False,False,True,False,True,96.36,7000,1,1
False,False,True,False,True,134.53,5000,1,2
False,True,False,False,True,132.98,1000,1,3
False,True,False,False,True,89.02,2000,2,1
True,False,False,False,True,95.38,4000,1,2
False,False,True,True,False,91.27,9000,1,3
False,False,True,False,True,73.13,10000,1,3
False,True,False,False,True,95.33,10000,1,3
False,True,False,False,True,122.61,3000,1,2
False,True,False,False,True,122.18,2000,2,1
False,True,False,False,True,93.8,9000,2,1
False,True,False,False,True,74.75,6000,1,3
False,True,False,False,True,81.1,10000,1,2
False,True,False,False,True,71.32,3000,1,3
False,False,True,False,True,73.92,6000,3,2
False,False,True,False,True,125.11,9000,2,2
False,True,False,False,True,93.99,3000,1,3
False,False,True,False,True,103.78,2000,2,3
False,True,False,False,True,75.62,9000,2,1
False,False,True,False,True,84.23,7000,2,2
False,True,False,False,True,82.4,7000,1,3
False,False,True,False,True,120.92,9000,2,1
True,False,False,False,True,101.72,8000,2,1
False,False,True,False,True,113.27,10000,3,2
False,True,False,False,True,95.85,1000,1,2
False,False,True,False,True,135.49,7000,1,3
False,False,True,False,True,132.93,2000,3,1
False,False,True,False,True,77.15,8000,2,2
False,True,False,False,True,112.02,1000,2,3
True,False,False,False,True,94.66,5000,3,1
True,False,False,False,True,116.28,5000,3,2
False,False,True,False,True,129.79,7000,3,3
False,False,True,False,True,110.19,10000,2,3
False,True,False,True,False,87.66,5000,2,3
True,False,False,False,True,124.2,1000,2,3
False,False,True,False,True,78.01,5000,1,2
False,True,False,False,True,98.83,1000,1,1
True,False,False,False,True,89.13,6000,3,1
False,False,True,False,True,92.26,5000,2,3
False,True,False,False,True,87.29,9000,1,1
True,False,False,False,True,84.96,7000,2,2
False,False,True,False,True,82.97,5000,2,1
False,True,False,False,True,105.45,10000,2,1
True,False,False,False,True,101.01,8000,3,3
False,True,False,False,True,111.1,7000,2,2
False,False,True,True,False,99.91,1000,2,1
True,False,False,False,True,76.52,2000,2,1
False,False,True,True,False,116.92,1000,1,3
False,False,True,False,True,95.05,8000,2,2
True,False,False,True,False,95.82,1000,2,2
True,False,False,False,True,72.56,5000,1,2
False,True,False,False,True,132.65,2000,2,1
True,False,False,False,True,90.07,5000,1,3
False,False,True,False,True,111.37,7000,3,2
True,False,False,False,True,70.78,4000,1,3
False,True,False,False,True,74.99,8000,1,2
False,False,True,False,True,118.17,1000,1,2
False,False,True,True,False,130.9,5000,2,2
False,False,True,False,True,77.5,4000,3,2
False,False,True,False,True,107.35,1000,2,3
False,True,False,False,True,113.54,10000,3,1
False,False,True,True,False,136.57,1000,3,3
False,True,False,False,True,88.49,5000,1,2
False,True,False,False,True,116.06,1000,1,1
False,False,True,False,True,96.11,3000,2,2
True,False,False,True,False,96.55,6000,3,2
False,False,True,False,True,137.37,4000,1,1
False,True,False,True,False,110.64,4000,2,2
True,False,False,True,False,83.24,6000,1,1
True,False,False,True,False,124.98,5000,1,2
False,False,True,True,False,127.24,7000,1,3
True,False,False,False,True,82.37,6000,3,2
False,True,False,False,True,96.91,4000,1,2
False,True,False,False,True,100.46,2000,1,3
False,False,True,False,True,123.35,5000,2,3
False,False,True,False,True,110.87,10000,1,2
False,False,True,False,True,117.92,8000,2,3
False,True,False,False,True,118.25,1000,3,2
False,False,True,False,True,134.28,2000,1,2
False,False,True,False,True,109.4,8000,2,3
False,True,False,False,True,123.54,1000,1,1
False,False,True,False,True,133.62,3000,3,3
False,False,True,False,True,103.88,9000,2,2
False,False,True,False,True,81.12,2000,3,2
False,True,False,True,False,89.04,9000,3,2
False,True,False,False,True,129.98,5000,2,1
False,False,True,True,False,134.96,6000,3,1
True,False,False,False,True,126.05,6000,1,3
True,False,False,False,True,83.61,5000,2,3
True,False,False,False,True,109.96,6000,3,1
False,True,False,False,True,116.64,7000,2,2
False,False,True,False,True,101.0,7000,2,3
False,True,False,False,True,121.9,2000,3,3
False,True,False,False,True,123.68,4000,1,3
False,True,False,False,True,116.5,9000,1,2
False,True,False,False,True,123.35,6000,2,2
False,False,True,False,True,117.49,10000,1,3
False,True,False,False,True,124.76,4000,2,2
False,False,True,False,True,117.9,7000,2,2
False,False,True,False,True,130.84,9000,1,1
True,False,False,False,True,76.77,9000,3,1
False,False,True,True,False,139.71,8000,3,2
True,False,False,False,True,107.14,7000,2,2
False,True,False,False,True,138.04,7000,1,2
False,True,False,False,True,72.96,2000,2,1
True,False,False,False,True,117.4,6000,2,2
False,True,False,False,True,126.71,10000,2,2
False,False,True,False,True,98.94,2000,2,2
False,True,False,True,False,105.54,7000,1,2
False,False,True,False,True,134.28,7000,1,1
False,False,True,False,True,95.9,5000,1,1
False,False,True,True,False,70.63,2000,1,3
False,False,True,False,True,113.05,9000,3,1
True,False,False,False,True,136.06,5000,2,3
True,False,False,False,True,111.65,10000,1,1
True,False,False,False,True,98.3,7000,2,1
True,False,False,False,True,89.17,7000,2,1
False,False,True,False,True,92.16,10000,2,3
False,True,False,False,True,99.11,8000,1,2
False,True,False,False,True,129.27,1000,1,1
True,False,False,False,True,135.89,8000,2,1
False,False,True,False,True,110.36,10000,2,1
False,False,True,False,True,117.55,1000,1,1
True,False,False,False,True,104.57,10000,2,2
False,True,False,False,True,96.48,4000,1,1
False,False,True,False,True,82.49,10000,1,3
False,False,True,False,True,74.46,5000,2,3
False,False,True,False,True,133.98,8000,2,2
True,False,False,False,True,100.26,4000,3,1
False,False,True,True,False,70.93,9000,1,2
False,False,True,False,True,101.65,6000,2,2
False,True,False,False,True,121.14,8000,1,1
True,False,False,False,True,112.77,6000,2,3
True,False,False,False,True,131.23,2000,2,3
True,False,False,False,True,114.51,6000,1,2
False,True,False,False,True,97.45,3000,2,2
False,False,True,False,True,75.84,4000,2,3
False,True,False,False,True,123.61,6000,2,1
True,False,False,False,True,121.58,4000,1,3
True,False,False,False,True,124.28,5000,2,3
False,False,True,False,True,120.32,6000,3,2
True,False,False,False,True,89.66,2000,2,1
False,False,True,False,True,117.8,4000,1,2
False,False,True,False,True,97.26,10000,2,2
False,True,False,False,True,85.97,4000,2,3
True,False,False,False,True,138.43,5000,2,1
True,False,False,False,True,101.27,10000,1,3
True,False,False,False,True,113.72,10000,2,2
False,False,True,False,True,73.48,4000,2,1
True,False,False,False,True,104.33,6000,2,1
False,False,True,False,True,129.01,10000,2,3
False,False,True,False,True,121.21,1000,1,3
False,True,False,False,True,85.03,1000,2,3
False,False,True,False,True,133.22,8000,2,2
True,False,False,False,True,123.35,9000,1,3
True,False,False,True,False,85.0,6000,2,2
True,False,False,False,True,74.24,9000,3,1
True,False,False,False,True,99.59,9000,1,1
False,True,False,False,True,90.67,8000,1,1
False,False,True,False,True,124.81,4000,1,2
False,False,True,False,True,111.94,7000,1,3
True,False,False,False,True,126.84,3000,2,2
False,True,False,False,True,83.78,9000,3,2
False,False,True,False,True,139.48,9000,2,1
False,False,True,False,True,78.67,1000,2,2
False,False,True,False,True,97.37,7000,2,1
False,False,True,False,True,134.8,6000,2,3
False,True,False,False,True,70.22,2000,1,3
False,True,False,False,True,128.65,3000,3,3
False,False,True,False,True,133.19,8000,1,1
False,False,True,False,True,138.28,8000,2,3
True,False,False,False,True,84.1,6000,1,2
False,False,True,False,True,121.94,2000,2,3
True,False,False,False,True,99.44,6000,2,2
True,False,False,False,True,72.08,7000,3,1
False,False,True,False,True,131.82,1000,2,1
True,False,False,False,True,73.62,6000,2,2
False,True,False,False,True,74.97,1000,2,2
True,False,False,False,True,100.18,1000,1,1
True,False,False,True,False,104.57,8000,1,2
False,False,True,False,True,124.37,3000,2,2
False,False,True,False,True,128.24,7000,2,3
True,False,False,False,True,76.35,10000,2,1
False,False,True,False,True,110.18,6000,2,3
False,False,True,False,True,129.17,5000,1,3
False,True,False,False,True,119.44,4000,1,2
False,False,True,False,True,136.35,7000,1,3
False,True,False,True,False,82.39,7000,2,2
False,False,True,False,True,88.91,6000,1,3
False,True,False,False,True,125.98,10000,1,2
True,False,False,True,False,78.43,8000,1,2
False,False,True,False,True,113.19,5000,2,3
False,False,True,False,True,93.16,2000,3,2
False,True,False,False,True,79.07,7000,2,3
False,True,False,False,True,110.54,7000,2,1
False,False,True,False,True,77.81,3000,2,2
False,True,False,False,True,118.73,3000,1,2
False,False,True,False,True,111.67,6000,3,3
False,False,True,True,False,129.79,2000,2,2
False,False,True,False,True,80.22,9000,1,3
False,True,False,False,True,110.54,8000,2,1
False,False,True,False,True,81.88,3000,1,2
False,False,True,False,True,75.0,1000,1,3
True,False,False,False,True,99.44,7000,2,3
True,False,False,False,True,74.25,6000,3,3
False,True,False,False,True,112.24,8000,1,1
False,False,True,False,True,86.06,4000,2,1
False,False,True,False,True,106.01,3000,2,2
True,False,False,False,True,113.14,4000,1,3
False,True,False,False,True,134.6,5000,1,1
False,False,True,False,True,122.52,5000,1,1
False,True,False,False,True,114.63,2000,2,1
False,True,False,False,True,101.27,5000,3,2
False,False,True,False,True,118.98,10000,1,3
False,True,False,False,True,85.8,7000,2,3
False,True,False,False,True,80.32,6000,1,2
True,False,False,True,False,111.87,10000,3,3
False,False,True,False,True,75.28,6000,2,1
False,False,True,False,True,85.0,7000,1,2
False,False,True,True,False,117.0,9000,1,3
False,False,True,False,True,103.2,2000,1,3
False,False,True,False,True,119.35,5000,1,3
True,False,False,False,True,107.18,8000,2,2
False,False,True,True,False,122.34,4000,3,2
False,False,True,False,True,132.26,4000,1,1
False,True,False,False,True,118.4,1000,2,3
False,False,True,False,True,134.96,7000,1,2
False,False,True,False,True,87.89,3000,2,2
False,False,True,False,True,83.05,8000,1,3
False,False,True,False,True,82.99,4000,1,1
False,False,True,False,True,122.88,1000,2,2
False,False,True,False,True,96.33,7000,2,3
False,True,False,False,True,109.97,3000,1,2
False,False,True,False,True,71.32,8000,1,2
False,False,True,False,True,84.77,4000,2,1
True,False,False,False,True,78.97,1000,1,3
False,False,True,False,True,138.21,3000,1,3
False,False,True,False,True,93.44,5000,1,2
False,False,True,False,True,130.11,6000,1,2
True,False,False,False,True,112.26,8000,1,2
True,False,False,False,True,116.83,10000,3,2
False,False,True,False,True,101.29,1000,1,1
False,False,True,False,True,107.09,10000,3,2
True,False,False,False,True,97.92,1000,1,2
False,True,False,False,True,118.21,3000,2,2
True,False,False,False,True,98.63,3000,2,2
False,True,False,False,True,92.58,1000,2,1
True,False,False,False,True,100.27,4000,2,1
False,False,True,False,True,79.16,7000,3,2
False,True,False,False,True,120.64,6000,2,2
True,False,False,False,True,112.17,9000,2,2
False,False,True,False,True,90.52,7000,1,1
False,True,False,False,True,139.93,7000,3,2
True,False,False,True,False,132.3,3000,1,2
False,True,False,False,True,76.35,7000,2,1
False,False,True,False,True,133.82,6000,1,1
False,True,False,False,True,96.18,6000,2,2
False,False,True,False,True,89.19,8000,2,2
True,False,False,False,True,133.76,4000,2,2
False,True,False,False,True,75.0,4000,1,1
False,False,True,False,True,72.45,7000,3,2
False,True,False,False,True,120.94,2000,1,3
False,False,True,False,True,129.26,5000,3,1
False,True,False,False,True,100.63,3000,2,3
False,False,True,False,True,112.69,1000,2,2
False,False,True,False,True,124.71,6000,2,1
False,False,True,False,True,133.42,9000,2,1
False,False,True,False,True,127.43,5000,1,2
True,False,False,True,False,94.53,5000,3,2
False,False,True,False,True,81.77,2000,1,2
True,False,False,False,True,100.99,9000,2,3
False,True,False,False,True,121.72,5000,2,3
True,False,False,False,True,85.6,6000,1,3
True,False,False,False,True,86.02,8000,1,3
False,False,True,False,True,122.58,1000,1,3
False,False,True,False,True,91.99,9000,1,3
True,False,False,False,True,129.85,2000,1,3
False,True,False,False,True,121.95,5000,3,2
False,False,True,False,True,83.65,8000,2,2
False,False,True,False,True,125.96,9000,2,2
False,True,False,False,True,127.06,5000,1,2
True,False,False,False,True,71.19,8000,3,2
True,False,False,False,True,73.05,10000,1,1
False,False,True,False,True,116.91,9000,3,1
False,False,True,False,True,70.19,5000,2,3
False,False,True,False,True,95.53,6000,2,3
False,True,False,True,False,109.8,7000,2,1
False,True,False,False,True,123.79,7000,1,3
True,False,False,False,True,120.39,4000,1,3
True,False,False,False,True,116.15,2000,2,1
False,False,True,False,True,70.87,3000,2,2
False,False,True,False,True,126.55,2000,2,3
False,False,True,False,True,70.97,4000,2,1
False,False,True,False,True,95.43,1000,2,2
False,True,False,False,True,99.99,3000,3,2
False,False,True,False,True,72.36,3000,1,2
True,False,False,False,True,126.03,6000,1,3
True,False,False,False,True,80.87,10000,2,3
False,True,False,False,True,128.91,3000,2,1
False,True,False,False,True,121.27,5000,2,3
True,False,False,False,True,117.82,1000,1,1
False,False,True,False,True,89.2,9000,2,1
False,False,True,False,True,87.21,10000,1,3
False,False,True,False,True,117.26,4000,2,3
False,False,True,False,True,70.93,2000,2,2
False,False,True,False,True,96.38,1000,1,2
False,False,True,False,True,76.14,5000,2,1
False,True,False,False,True,90.58,8000,1,2
False,True,False,False,True,88.69,8000,2,2
True,False,False,False,True,132.62,10000,2,3
False,False,True,False,True,79.85,3000,2,3
False,True,False,False,True,116.46,6000,2,3
True,False,False,False,True,135.8,7000,2,3
False,True,False,False,True,91.86,2000,3,3
False,True,False,False,True,112.27,10000,1,1
False,True,False,False,True,138.61,10000,2,3
True,False,False,False,True,94.61,3000,2,3
False,False,True,False,True,106.07,9000,2,1
False,False,True,False,True,105.4,5000,1,2
True,False,False,False,True,134.88,3000,1,1
False,False,True,False,True,137.52,3000,1,3
False,False,True,False,True,117.15,4000,1,2
False,False,True,False,True,101.46,6000,3,1
False,False,True,False,True,130.84,5000,1,2
False,True,False,False,True,82.94,7000,1,1
True,False,False,False,True,133.62,2000,1,2
False,False,True,False,True,87.51,5000,3,1
False,False,True,False,True,122.72,7000,2,2
False,False,True,False,True,127.22,4000,1,3
False,False,True,False,True,89.42,2000,2,3
True,False,False,False,True,79.15,7000,1,1
True,False,False,False,True,107.02,7000,1,1
False,False,True,False,True,128.47,8000,2,3
True,False,False,False,True,100.62,10000,3,2
False,True,False,True,False,135.17,4000,2,3
False,False,True,True,False,97.78,1000,2,2
False,False,True,False,True,109.01,4000,2,3
False,False,True,True,False,98.11,1000,1,1
False,False,True,False,True,77.73,8000,1,2
False,True,False,False,True,120.8,5000,2,2
False,False,True,False,True,136.11,10000,1,3
False,True,False,True,False,113.48,10000,1,2
True,False,False,False,True,102.16,2000,2,1
False,True,False,False,True,90.57,6000,1,2
False,True,False,False,True,131.92,8000,1,2
False,False,True,True,False,137.13,5000,2,1
False,False,True,True,False,102.46,2000,1,2
False,True,False,False,True,130.36,3000,2,3
False,False,True,False,True,81.58,4000,1,1
False,False,True,False,True,129.18,2000,2,1
False,True,False,False,True,116.14,2000,1,2
False,False,True,False,True,113.73,7000,2,3
True,False,False,False,True,119.95,8000,2,3
False,True,False,False,True,109.19,10000,1,1
False,False,True,True,False,120.12,10000,2,3
False,True,False,False,True,84.92,10000,1,2
True,False,False,False,True,107.01,6000,3,1
False,False,True,False,True,78.74,3000,2,2
False,False,True,False,True,96.03,1000,1,1
False,False,True,True,False,70.76,3000,2,2
False,False,True,False,True,105.37,10000,1,1
False,True,False,False,True,78.26,7000,2,2
False,False,True,False,True,139.11,3000,1,3
False,False,True,False,True,100.57,6000,3,3
False,False,True,False,True,73.49,4000,2,2
False,False,True,False,True,70.88,6000,2,1
False,False,True,False,True,100.5,1000,2,2
False,True,False,False,True,112.42,4000,1,2
False,False,True,False,True,134.06,3000,3,2
False,False,True,False,True,94.44,5000,3,2
False,False,True,False,True,120.66,4000,2,3
False,False,True,False,True,92.69,8000,1,3
False,True,False,False,True,81.46,1000,2,1
True,False,False,False,True,96.19,9000,3,3
False,False,True,False,True,83.03,7000,2,2
False,False,True,False,True,95.04,2000,2,1
False,True,False,False,True,85.27,2000,2,3
False,False,True,False,True,84.99,7000,1,1
True,False,False,False,True,78.08,5000,1,1
True,False,False,False,True,129.35,6000,2,2
False,False,True,False,True,85.53,8000,2,1
False,False,True,False,True,124.08,9000,1,1
False,False,True,False,True,74.87,1000,1,2
False,True,False,False,True,90.53,2000,3,2
False,True,False,False,True,78.13,3000,2,1
True,False,False,False,True,114.01,6000,1,1
False,True,False,False,True,117.5,6000,1,2
True,False,False,False,True,119.49,1000,1,1
False,True,False,False,True,96.97,2000,2,1
False,True,False,False,True,107.17,1000,1,2
True,False,False,False,True,76.5,4000,1,3
False,True,False,False,True,88.37,4000,1,3
False,True,False,False,True,74.06,8000,2,1
True,False,False,False,True,114.7,9000,3,2
False,False,True,False,True,125.65,8000,3,2
False,False,True,True,False,109.13,4000,2,2
False,False,True,False,True,118.32,4000,3,1
False,False,True,False,True,106.82,5000,2,2
False,False,True,False,True,111.26,5000,1,2
True,False,False,False,True,83.16,3000,1,3
True,False,False,False,True,137.95,6000,2,2
False,False,True,True,False,132.18,4000,1,3
False,False,True,False,True,82.35,10000,2,1
True,False,False,False,True,77.67,2000,1,2
False,False,True,False,True,129.1,9000,2,3
False,False,True,False,True,98.79,9000,3,2
False,False,True,False,True,120.74,7000,2,1
False,False,True,False,True,112.97,5000,2,3
False,True,False,False,True,88.66,7000,2,2
True,False,False,False,True,77.15,3000,1,2
False,False,True,False,True,122.56,9000,2,1
False,True,False,False,True,121.48,7000,2,1
False,False,True,False,True,87.89,7000,2,3
False,True,False,False,True,85.74,3000,1,1
False,False,True,False,True,124.89,8000,1,3
False,True,False,False,True,96.28,5000,1,2
False,True,False,False,True,91.82,4000,2,1
False,True,False,False,True,85.35,3000,3,2
False,False,True,False,True,75.97,10000,2,2
True,False,False,False,True,93.88,3000,1,3
False,True,False,False,True,126.36,2000,2,1
False,True,False,False,True,84.58,5000,2,1
False,True,False,False,True,74.74,7000,1,1
False,False,True,True,False,97.41,10000,1,3
False,False,True,False,True,104.96,7000,1,2
True,False,False,False,True,112.08,1000,1,2
True,False,False,False,True,111.52,5000,1,3
True,False,False,False,True,88.51,7000,1,1
False,True,False,False,True,124.55,3000,3,1
False,False,True,False,True,96.56,3000,1,2
True,False,False,False,True,78.07,2000,2,3
True,False,False,False,True,72.56,1000,1,1
True,False,False,False,True,88.61,2000,2,2
False,False,True,False,True,97.27,8000,2,2
False,True,False,False,True,139.26,2000,1,3
True,False,False,False,True,122.73,9000,2,2
False,False,True,False,True,98.27,7000,2,2
False,False,True,False,True,78.02,2000,1,2
False,True,False,False,True,133.2,1000,1,3
False,True,False,False,True,133.46,9000,1,1
False,False,True,False,True,99.07,6000,1,1
False,False,True,False,True,109.17,7000,2,1
True,False,False,False,True,112.11,10000,2,2
False,True,False,False,True,115.06,4000,2,2
True,False,False,False,True,103.08,2000,1,1
False,False,True,True,False,85.67,6000,3,3
False,True,False,False,True,83.02,8000,3,1
False,False,True,False,True,133.98,1000,2,2
False,False,True,False,True,98.22,2000,2,1
False,True,False,False,True,126.65,9000,2,2
False,True,False,False,True,71.53,2000,3,1
False,True,False,False,True,117.06,10000,1,2
False,True,False,False,True,73.72,7000,1,2
False,False,True,True,False,78.36,1000,2,2
False,False,True,False,True,129.63,9000,2,3
False,True,False,False,True,110.1,2000,1,1
False,False,True,False,True,93.78,4000,1,1
False,False,True,False,True,73.76,3000,2,1
False,False,True,False,True,93.81,7000,2,1
False,False,True,False,True,95.8,2000,2,2
False,False,True,False,True,124.72,4000,1,1
False,False,True,False,True,103.01,5000,2,3
False,False,True,False,True,117.05,9000,3,1
False,True,False,False,True,118.5,9000,1,3
False,False,True,False,True,113.07,3000,2,2
False,True,False,False,True,83.81,3000,1,2
False,True,False,False,True,101.2,4000,1,1
False,False,True,False,True,133.0,5000,1,1
True,False,False,False,True,133.06,4000,1,2
True,False,False,False,True,107.24,2000,1,1
False,False,True,False,True,82.8,1000,3,1
False,True,False,False,True,101.95,6000,1,1
False,False,True,False,True,82.21,8000,1,3
False,True,False,True,False,123.93,3000,2,2
False,False,True,False,True,82.99,8000,1,2
False,True,False,False,True,77.71,9000,1,2
False,False,True,False,True,128.46,2000,2,3
False,False,True,False,True,136.69,7000,2,1
False,True,False,False,True,85.86,8000,1,1
False,True,False,False,True,125.79,4000,2,2
False,True,False,False,True,103.74,4000,2,2
False,True,False,False,True,130.31,10000,2,1
True,False,False,False,True,115.2,5000,2,1
False,False,True,False,True,124.55,3000,1,3
False,True,False,False,True,101.69,7000,2,3
True,False,False,False,True,78.74,5000,2,1
False,True,False,False,True,104.46,2000,1,2
False,False,True,False,True,97.32,8000,1,2
False,False,True,False,True,79.61,3000,2,2
False,False,True,False,True,91.95,9000,1,2
True,False,False,False,True,70.43,4000,1,1
False,False,True,False,True,108.28,5000,2,1
False,True,False,False,True,120.59,2000,2,3
False,True,False,False,True,72.0,4000,2,3
True,False,False,False,True,80.31,10000,2,1
False,True,False,False,True,97.83,6000,1,3
True,False,False,True,False,129.39,2000,1,1
False,False,True,False,True,92.88,7000,2,2
False,False,True,False,True,88.43,7000,1,3
False,False,True,False,True,121.28,8000,2,2
False,False,True,False,True,109.23,3000,1,2
False,False,True,False,True,137.41,1000,1,1
False,False,True,False,True,129.0,8000,2,1
False,True,False,False,True,118.76,10000,2,1
False,False,True,False,True,128.51,5000,3,2
False,False,True,False,True,88.95,4000,2,3
False,True,False,False,True,136.6,10000,2,2
True,False,False,True,False,118.69,7000,2,3
False,True,False,False,True,72.92,3000,1,3
False,False,True,False,True,137.26,8000,1,2
False,False,True,False,True,74.6,9000,2,2
False,True,False,False,True,105.39,5000,1,2
True,False,False,False,True,101.59,10000,2,2
False,True,False,False,True,94.61,7000,1,3
False,True,False,False,True,90.18,1000,1,3
False,False,True,True,False,126.58,6000,1,1
True,False,False,False,True,72.73,2000,2,1
True,False,False,False,True,131.38,6000,1,3
True,False,False,False,True,139.24,6000,3,3
True,False,False,False,True,138.88,6000,1,1
False,False,True,False,True,79.05,10000,1,1
True,False,False,False,True,86.96,4000,1,2
False,False,True,False,True,123.49,8000,2,2
True,False,False,False,True,108.22,7000,1,1
False,False,True,False,True,124.09,1000,1,1
True,False,False,False,True,133.34,4000,1,2
False,False,True,False,True,88.62,8000,3,1
True,False,False,False,True,119.21,1000,1,2
False,False,True,False,True,139.49,9000,1,1
False,False,True,False,True,77.22,10000,2,3
False,False,True,False,True,102.47,2000,2,3
False,False,True,False,True,85.24,2000,1,3
False,False,True,False,True,131.91,3000,1,1
True,False,False,False,True,128.7,4000,2,3
False,False,True,False,True,79.47,7000,1,3
False,False,True,False,True,85.31,7000,3,2
False,False,True,False,True,79.52,8000,1,2
False,False,True,False,True,77.74,10000,3,3
False,False,True,False,True,124.27,5000,1,2
False,False,True,False,True,138.26,10000,1,1
False,False,True,False,True,79.22,5000,2,1
True,False,False,True,False,127.42,3000,3,1
False,False,True,False,True,110.27,8000,2,2
True,False,False,False,True,111.74,2000,1,3
True,False,False,False,True,101.1,6000,2,2
False,False,True,True,False,124.86,7000,2,1
False,False,True,False,True,95.01,5000,2,3
True,False,False,False,True,99.24,10000,1,1
False,False,True,False,True,102.45,7000,2,1
True,False,False,False,True,72.87,2000,2,3
False,False,True,False,True,85.78,8000,2,2
False,True,False,False,True,72.31,6000,1,1
False,False,True,False,True,84.16,9000,1,3
False,False,True,False,True,135.85,8000,2,2
True,False,False,False,True,97.31,2000,3,3
False,False,True,False,True,130.82,3000,1,3
False,False,True,False,True,108.94,9000,1,3
False,False,True,False,True,139.0,1000,1,2
False,False,True,False,True,99.04,9000,3,1
False,True,False,False,True,119.7,4000,1,2
False,False,True,False,True,99.99,8000,2,1
False,True,False,False,True,139.49,8000,1,1
False,True,False,False,True,111.48,9000,2,2
False,True,False,False,True,121.21,6000,1,2
False,False,True,False,True,117.67,9000,1,1
False,True,False,False,True,117.63,1000,3,2
False,True,False,False,True,82.89,2000,1,2
False,False,True,False,True,76.14,7000,3,3
False,False,True,False,True,74.98,9000,2,1
True,False,False,False,True,95.63,1000,1,1
True,False,False,False,True,115.86,10000,1,1
False,False,True,True,False,102.29,3000,2,3
False,False,True,False,True,103.98,8000,2,2
False,False,True,False,True,138.89,9000,2,2
True,False,False,False,True,134.15,8000,1,2
False,False,True,False,True,136.76,9000,2,3
False,False,True,False,True,79.61,2000,1,1
True,False,False,False,True,111.27,6000,2,3
False,True,False,True,False,89.24,9000,1,3
False,True,False,False,True,71.67,10000,1,1
False,False,True,False,True,135.01,5000,1,3
False,False,True,False,True,103.73,1000,3,3
True,False,False,False,True,88.74,10000,1,3
False,False,True,False,True,76.74,9000,1,2
False,False,True,False,True,112.92,5000,1,3
False,False,True,False,True,121.05,6000,1,3
True,False,False,False,True,111.73,6000,2,1
False,False,True,False,True,106.89,9000,2,3
False,True,False,False,True,106.91,8000,1,3
True,False,False,False,True,103.18,9000,1,2
False,True,False,False,True,136.09,1000,2,3
False,False,True,False,True,114.12,7000,2,2
False,False,True,False,True,114.52,10000,1,3
False,False,True,False,True,109.18,5000,2,2
False,True,False,False,True,92.6,3000,1,2
False,False,True,False,True,131.22,6000,1,1
False,True,False,False,True,88.6,4000,1,1
True,False,False,True,False,76.38,10000,1,2
False,True,False,False,True,127.37,3000,2,3
False,False,True,False,True,97.47,7000,1,2
False,False,True,False,True,131.47,9000,1,2
False,True,False,False,True,95.15,5000,1,2
False,False,True,False,True,125.14,4000,1,1
False,False,True,False,True,131.59,4000,1,2
False,True,False,True,False,90.31,8000,3,1
False,False,True,True,False,109.36,2000,3,1
True,False,False,False,True,117.1,2000,1,3
True,False,False,False,True,100.57,10000,2,1
False,False,True,False,True,83.86,4000,2,2
False,True,False,False,True,71.97,8000,2,1
False,True,False,False,True,92.8,4000,2,3
True,False,False,False,True,72.55,5000,1,2
False,True,False,False,True,121.52,1000,1,1
False,False,True,False,True,75.38,2000,1,3
False,True,False,False,True,87.02,1000,1,3
False,False,True,False,True,129.25,1000,2,1
False,False,True,False,True,72.56,3000,2,1
False,True,False,False,True,130.83,1000,2,1
False,True,False,False,True,105.85,6000,1,3
False,False,True,False,True,139.73,8000,2,1
False,True,False,False,True,123.23,9000,2,1
False,False,True,False,True,78.89,9000,2,1
True,False,False,False,True,109.68,2000,1,2
False,False,True,False,True,103.62,3000,3,3
False,False,True,True,False,134.16,5000,3,2
True,False,False,False,True,134.61,3000,1,3
False,False,True,False,True,124.9,3000,2,1
True,False,False,False,True,124.05,3000,2,3
True,False,False,False,True,87.65,7000,1,3
True,False,False,False,True,70.05,9000,1,3
False,True,False,True,False,73.62,7000,1,3
False,False,True,False,True,96.11,8000,2,1
False,True,False,False,True,75.72,5000,2,2
False,False,True,False,True,79.59,10000,1,2
True,False,False,False,True,114.18,7000,2,3
False,False,True,True,False,103.16,9000,2,3
False,False,True,False,True,99.92,8000,2,1
True,False,False,True,False,105.16,10000,2,3
False,True,False,False,True,87.52,4000,1,1
False,True,False,False,True,111.74,3000,1,2
False,False,True,False,True,123.71,1000,1,1
False,False,True,False,True,90.37,2000,1,1
True,False,False,False,True,85.9,1000,1,3
True,False,False,False,True,125.71,9000,2,3
True,False,False,False,True,122.97,4000,1,1
False,False,True,False,True,115.27,8000,1,1
False,True,False,False,True,91.34,3000,1,3
False,False,True,False,True,127.23,2000,1,1
False,False,True,False,True,86.5,8000,3,1
False,False,True,False,True,93.98,2000,1,1
True,False,False,False,True,85.52,6000,2,2
False,False,True,True,False,78.71,2000,1,1
False,False,True,False,True,123.84,4000,1,1
False,False,True,False,True,79.39,9000,2,3
False,False,True,False,True,81.79,7000,3,2
False,False,True,False,True,123.35,2000,1,2
True,False,False,False,True,82.89,2000,2,2
False,False,True,False,True,128.29,4000,1,2
False,False,True,False,True,91.43,10000,1,2
False,True,False,False,True,102.25,5000,2,1
False,True,False,False,True,132.48,3000,1,1
False,False,True,False,True,95.37,7000,2,3
True,False,False,False,True,109.85,6000,2,3
False,False,True,False,True,84.56,10000,2,3
False,False,True,False,True,80.4,6000,2,3
False,True,False,False,True,127.71,3000,1,3
True,False,False,True,False,78.41,1000,2,3
False,False,True,False,True,78.07,8000,2,1
False,False,True,False,True,125.38,1000,1,1
True,False,False,True,False,81.92,1000,1,3
True,False,False,True,False,70.85,2000,2,2
False,False,True,False,True,126.46,10000,1,1
False,False,True,False,True,131.26,4000,1,1
True,False,False,False,True,138.06,7000,2,2
False,False,True,False,True,138.95,4000,1,1
False,False,True,False,True,73.41,4000,1,2
False,True,False,False,True,116.63,1000,1,3
False,False,True,True,False,104.02,5000,2,3
False,True,False,False,True,137.05,2000,1,2
False,True,False,False,True,118.69,4000,1,3
False,False,True,False,True,73.06,1000,2,3
False,False,True,False,True,102.35,8000,1,1
False,False,True,False,True,115.19,10000,3,2
False,True,False,True,False,99.45,6000,2,1
False,True,False,False,True,112.81,10000,3,2
False,True,False,False,True,133.69,5000,1,1
False,False,True,False,True,116.3,4000,1,2
False,False,True,False,True,112.84,6000,2,2
False,False,True,False,True,81.86,1000,2,3
False,False,True,True,False,92.95,2000,1,1
False,False,True,False,True,81.21,1000,3,3
False,False,True,False,True,131.42,1000,1,3
False,False,True,False,True,113.73,5000,2,3
True,False,False,False,True,122.66,9000,1,3
False,False,True,False,True,118.68,7000,2,2
True,False,False,True,False,77.68,6000,2,2
False,True,False,False,True,95.47,1000,2,3
True,False,False,True,False,84.63,9000,1,1
False,False,True,False,True,93.42,5000,1,2
True,False,False,False,True,79.4,6000,2,2
False,True,False,False,True,110.3,9000,3,2
False,False,True,False,True,85.8,7000,2,3
True,False,False,False,True,77.32,2000,3,3
False,True,False,False,True,77.06,10000,2,3
False,False,True,False,True,71.04,2000,1,1
False,True,False,False,True,128.31,7000,1,3
True,False,False,False,True,115.16,5000,2,3
False,False,True,False,True,115.57,7000,2,3
False,True,False,False,True,134.44,3000,2,3
False,False,True,False,True,77.02,10000,1,2
False,False,True,False,True,118.7,5000,2,3
False,False,True,False,True,106.22,9000,3,3
True,False,False,False,True,136.61,1000,2,3
False,False,True,False,True,90.47,9000,1,3
False,True,False,False,True,122.82,4000,2,1
True,False,False,False,True,103.31,3000,1,1
False,False,True,False,True,114.39,7000,2,2
False,False,True,False,True,75.73,5000,2,3
False,True,False,False,True,97.63,7000,1,3
False,False,True,False,True,120.53,3000,2,1
False,False,True,False,True,129.28,10000,2,2
True,False,False,False,True,95.31,6000,2,2
False,False,True,False,True,85.43,3000,2,1
False,False,True,False,True,73.79,9000,1,3
False,True,False,False,True,78.08,10000,2,2
True,False,False,False,True,110.01,9000,1,1
False,False,True,False,True,122.3,2000,2,2
False,False,True,False,True,73.72,9000,1,1
False,False,True,False,True,94.17,8000,1,3
True,False,False,False,True,112.23,3000,1,1
False,False,True,False,True,108.16,10000,2,3
True,False,False,False,True,132.64,4000,1,3
True,False,False,False,True,128.55,7000,2,3
False,False,True,False,True,83.14,4000,1,2
True,False,False,False,True,85.75,9000,1,3
True,False,False,False,True,110.42,4000,3,3
False,False,True,False,True,136.95,7000,2,2
False,False,True,False,True,77.77,9000,1,1
False,False,True,False,True,136.66,4000,1,3
False,False,True,False,True,71.15,10000,1,3
True,False,False,False,True,79.2,8000,2,1
False,True,False,False,True,129.66,4000,3,1
True,False,False,False,True,109.55,3000,2,1
False,True,False,False,True,86.01,9000,1,2
True,False,False,False,True,128.35,10000,2,3
True,False,False,False,True,105.73,10000,1,2
False,False,True,False,True,120.33,3000,2,2
True,False,False,False,True,127.66,5000,2,1
False,False,True,True,False,104.66,5000,1,3
False,False,True,False,True,139.12,9000,1,3
False,True,False,False,True,105.84,8000,1,2
True,False,False,False,True,116.09,4000,2,1
False,True,False,False,True,123.44,5000,2,1
True,False,False,False,True,118.18,2000,3,1
False,False,True,False,True,73.53,4000,2,2
False,False,True,False,True,80.01,6000,2,3
False,False,True,False,True,123.97,4000,2,2
False,False,True,False,True,116.62,5000,3,1
False,True,False,False,True,106.28,10000,1,3
False,True,False,False,True,109.72,4000,3,1
False,False,True,False,True,99.55,3000,1,1
False,False,True,False,True,78.73,3000,1,3
False,True,False,False,True,126.54,9000,1,3
False,False,True,False,True,107.21,2000,2,2
False,True,False,False,True,107.19,8000,1,3
False,True,False,False,True,94.68,8000,3,1
False,False,True,False,True,70.1,8000,3,1
False,True,False,False,True,139.43,1000,1,1
False,True,False,False,True,137.79,8000,1,2
False,True,False,True,False,92.06,4000,3,2
False,False,True,False,True,90.25,2000,1,3
True,False,False,False,True,116.24,3000,2,3
False,False,True,False,True,109.99,5000,2,2
False,False,True,False,True,135.2,10000,1,3
False,False,True,False,True,98.66,10000,1,2
True,False,False,False,True,124.03,3000,1,1
True,False,False,False,True,71.51,8000,2,3
False,True,False,False,True,116.33,1000,2,1
False,False,True,False,True,103.26,4000,1,3
False,False,True,False,True,121.98,1000,2,1
True,False,False,True,False,109.43,5000,2,1
False,False,True,False,True,108.38,4000,1,1
False,False,True,True,False,100.74,6000,1,3
True,False,False,False,True,92.15,3000,1,3
False,False,True,False,True,82.86,9000,2,2
True,False,False,False,True,88.26,10000,1,2
False,True,False,False,True,101.08,2000,2,2
False,False,True,False,True,109.23,4000,2,2
False,False,True,False,True,93.91,9000,2,3
False,False,True,True,False,133.12,8000,2,1
False,False,True,False,True,87.6,1000,2,1
False,True,False,False,True,96.52,1000,3,1
False,False,True,False,True,107.56,2000,2,1
False,False,True,False,True,106.78,5000,1,1
False,True,False,False,True,73.42,6000,2,1
False,False,True,False,True,136.94,10000,1,3
False,True,False,False,True,139.73,4000,1,3
False,False,True,False,True,73.25,1000,1,1
False,False,True,True,False,133.87,2000,2,3
False,False,True,False,True,119.06,10000,2,1
False,False,True,True,False,91.52,4000,2,2
False,False,True,False,True,78.22,7000,3,2
False,False,True,False,True,87.6,1000,2,3
True,False,False,False,True,95.43,7000,2,1
True,False,False,False,True,78.5,1000,1,3
False,False,True,False,True,135.79,5000,2,3
False,False,True,False,True,119.96,7000,2,3
True,False,False,False,True,88.79,2000,2,3
False,False,True,False,True,82.72,3000,2,2
True,False,False,False,True,100.58,3000,2,1
False,True,False,False,True,121.64,3000,1,1
False,False,True,True,False,106.34,1000,1,3
False,True,False,False,True,124.76,6000,1,1
True,False,False,False,True,100.63,5000,1,3
True,False,False,False,True,114.78,3000,1,1
False,True,False,False,True,109.41,4000,2,1
True,False,False,False,True,93.17,9000,2,3
False,False,True,False,True,77.83,1000,2,3
False,False,True,False,True,133.64,9000,1,3
False,False,True,False,True,110.22,8000,1,1
True,False,False,False,True,121.05,6000,2,3
False,False,True,False,True,118.57,9000,1,2
False,False,True,False,True,136.87,10000,1,1
False,False,True,False,True,130.79,9000,1,1
False,False,True,False,True,109.2,3000,1,3
False,False,True,False,True,97.96,1000,1,3
False,True,False,True,False,97.38,8000,3,2
False,False,True,False,True,115.95,1000,1,3
False,True,False,False,True,138.41,8000,1,3
True,False,False,True,False,76.35,10000,3,2
False,False,True,False,True,133.78,3000,2,2
False,False,True,False,True,123.06,1000,2,3
True,False,False,False,True,114.35,9000,1,1
True,False,False,False,True,126.03,6000,1,2
False,False,True,False,True,118.53,9000,1,2
False,True,False,False,True,137.68,9000,1,3
False,True,False,False,True,72.37,9000,2,1
False,False,True,False,True,70.76,6000,2,3
False,False,True,False,True,112.45,4000,1,2
False,True,False,False,True,110.85,3000,1,3
True,False,False,False,True,128.66,6000,1,2
True,False,False,False,True,126.68,4000,1,2
False,True,False,False,True,121.1,7000,1,2
True,False,False,False,True,119.1,7000,1,1
False,False,True,False,True,82.33,10000,2,1
False,True,False,False,True,120.94,9000,2,3
True,False,False,False,True,124.74,5000,1,2
True,False,False,False,True,100.27,8000,1,1
False,False,True,False,True,84.32,9000,2,1
False,True,False,True,False,113.2,5000,2,3
True,False,False,False,True,106.69,1000,2,3
True,False,False,False,True,114.54,2000,2,2
False,False,True,False,True,72.61,6000,1,3
True,False,False,False,True,78.11,2000,3,1
False,True,False,False,True,113.96,8000,1,1
False,False,True,True,False,102.79,2000,3,3
False,False,True,False,True,132.73,10000,2,3
False,True,False,False,True,103.95,1000,3,2
True,False,False,False,True,123.17,3000,2,1
False,False,True,False,True,100.4,6000,3,1
False,False,True,False,True,113.24,7000,2,1
False,True,False,False,True,73.92,1000,1,3
True,False,False,False,True,94.31,6000,1,2
False,False,True,False,True,127.41,5000,1,1
False,False,True,False,True,122.09,4000,2,3
True,False,False,False,True,95.86,7000,1,3
False,False,True,False,True,100.66,3000,2,2
True,False,False,False,True,101.84,3000,2,1
True,False,False,False,True,72.24,10000,3,1
True,False,False,False,True,125.13,10000,1,1
False,True,False,False,True,92.05,7000,2,1
False,False,True,False,True,124.7,5000,1,3
False,False,True,False,True,136.04,7000,2,3
False,False,True,True,False,134.84,8000,3,3
True,False,False,False,True,96.6,9000,3,3
False,False,True,False,True,75.04,8000,2,3
True,False,False,False,True,76.54,2000,2,2
False,True,False,False,True,108.89,2000,1,2
True,False,False,False,True,95.75,5000,2,2
True,False,False,False,True,113.84,8000,1,2
True,False,False,False,True,103.75,10000,1,1
False,False,True,False,True,110.97,9000,1,2
False,False,True,False,True,74.5,8000,1,2
False,True,False,False,True,88.44,6000,1,1
False,True,False,False,True,87.59,4000,2,1
False,True,False,False,True,132.44,5000,3,2
False,False,True,False,True,75.36,1000,3,1
False,False,True,False,True,135.01,5000,2,2
False,True,False,False,True,114.22,6000,3,1
False,True,False,False,True,139.0,9000,1,1
False,False,True,True,False,114.72,6000,1,1
False,False,True,False,True,139.1,4000,1,2
False,True,False,False,True,89.53,4000,1,2
False,False,True,False,True,105.72,10000,2,1
False,False,True,False,True,74.2,9000,2,3
False,False,True,False,True,115.48,10000,1,1
False,False,True,False,True,117.57,4000,1,1
False,False,True,False,True,124.45,4000,1,1
False,False,True,False,True,127.47,7000,1,2
False,False,True,False,True,71.29,9000,2,3
False,False,True,False,True,101.56,7000,2,3
False,False,True,False,True,129.41,6000,2,2
True,False,False,True,False,116.24,10000,1,1
False,False,True,False,True,97.85,8000,3,3
False,True,False,False,True,77.33,6000,2,3
False,True,False,False,True,117.1,6000,2,1
False,True,False,False,True,123.65,1000,3,1
False,False,True,False,True,104.92,3000,1,3
False,False,True,False,True,85.13,2000,1,1
True,False,False,False,True,99.76,10000,1,3
False,False,True,True,False,103.34,6000,3,1
False,False,True,False,True,87.65,6000,2,3
False,False,True,False,True,135.99,7000,2,3
False,True,False,False,True,120.8,9000,2,3
False,False,True,False,True,124.01,2000,2,1
False,True,False,False,True,111.49,2000,2,1
False,False,True,False,True,104.62,6000,1,3
True,False,False,False,True,91.88,9000,1,3
True,False,False,False,True,112.6,9000,2,2
True,False,False,False,True,110.0,2000,2,2
False,True,False,False,True,85.14,3000,1,3
False,False,True,False,True,90.75,2000,1,3
True,False,False,False,True,117.46,9000,1,1
False,True,False,False,True,101.26,9000,2,1
False,False,True,False,True,81.7,7000,3,3
False,True,False,False,True,99.9,10000,2,3
True,False,False,False,True,126.42,9000,2,2
False,False,True,False,True,125.53,1000,1,1
False,False,True,False,True,126.21,9000,2,1
False,False,True,False,True,132.6,8000,1,1
False,False,True,False,True,109.06,5000,1,3
False,False,True,False,True,88.8,4000,2,3
True,False,False,False,True,78.21,10000,2,1
False,False,True,False,True,109.9,6000,2,2
False,True,False,False,True,128.33,6000,3,3
True,False,False,False,True,134.88,5000,1,1
True,False,False,False,True,121.51,8000,1,1
True,False,False,False,True,118.53,8000,2,2
False,True,False,False,True,118.02,1000,3,1
False,True,False,True,False,131.31,9000,2,1
True,False,False,False,True,124.69,2000,1,2
True,False,False,False,True,88.31,9000,2,1
False,True,False,False,True,108.63,6000,3,2
True,False,False,False,True,78.84,3000,2,3
True,False,False,False,True,109.95,8000,1,1
False,False,True,False,True,103.2,10000,1,3
False,True,False,False,True,137.29,1000,1,1
False,True,False,True,False,98.91,7000,3,3
True,False,False,False,True,73.48,8000,2,2
True,False,False,False,True,120.34,7000,2,2
False,True,False,False,True,110.43,7000,2,2
False,False,True,False,True,82.58,10000,3,2
False,False,True,False,True,105.08,9000,3,3
False,False,True,False,True,109.39,8000,1,3
True,False,False,False,True,121.48,5000,2,1
False,False,True,False,True,87.28,1000,2,1
False,True,False,False,True,135.18,8000,1,1
False,False,True,False,True,108.2,7000,2,1
False,False,True,False,True,96.44,7000,1,1
False,False,True,False,True,83.28,9000,2,1
True,False,False,False,True,90.03,2000,2,1
True,False,False,False,True,130.32,7000,2,1
True,False,False,False,True,120.87,3000,2,2
True,False,False,False,True,108.36,2000,2,3
False,False,True,False,True,74.52,7000,2,2
False,False,True,False,True,94.36,7000,1,2
False,False,True,False,True,96.91,9000,1,3
False,False,True,False,True,71.29,8000,2,3
False,False,True,False,True,132.39,9000,2,2
False,False,True,False,True,138.72,2000,1,1
False,False,True,False,True,104.68,1000,2,3
False,False,True,True,False,70.92,9000,1,1
True,False,False,False,True,89.5,4000,1,2
True,False,False,False,True,80.17,4000,1,3
False,False,True,False,True,134.56,2000,2,3
False,True,False,False,True,119.44,7000,1,3
True,False,False,True,False,129.18,7000,1,1
False,True,False,False,True,97.75,3000,3,1
False,True,False,False,True,123.18,2000,1,3
True,False,False,False,True,100.37,6000,2,2
False,True,False,False,True,108.78,6000,2,1
False,True,False,False,True,94.94,2000,1,3
False,False,True,False,True,83.24,5000,2,3
False,True,False,False,True,91.66,9000,2,2
True,False,False,False,True,131.92,3000,2,2
False,False,True,False,True,117.77,6000,2,1
False,False,True,False,True,93.52,4000,1,2
False,False,True,False,True,81.12,5000,2,1
False,False,True,False,True,99.69,10000,2,2
True,False,False,False,True,128.16,7000,2,1
False,False,True,False,True,76.86,10000,2,2
True,False,False,False,True,86.11,5000,1,2
False,False,True,False,True,81.73,2000,2,1
False,False,True,False,True,130.59,7000,2,2
False,False,True,False,True,73.52,1000,1,3
False,True,False,False,True,71.41,10000,2,3
False,False,True,True,False,81.36,3000,2,1
False,False,True,False,True,125.96,10000,1,2
True,False,False,True,False,91.06,2000,2,1
False,False,True,False,True,101.34,6000,2,1
False,True,False,True,False,79.48,8000,1,1
False,False,True,False,True,87.71,8000,1,3
False,True,False,False,True,119.05,3000,3,2
True,False,False,True,False,130.89,1000,1,1
False,True,False,False,True,108.01,1000,2,2
True,False,False,False,True,93.88,9000,2,3
True,False,False,False,True,137.02,1000,3,1
False,False,True,False,True,78.5,4000,1,3
True,False,False,False,True,93.66,10000,1,3
True,False,False,False,True,116.34,5000,3,3
True,False,False,False,True,73.49,3000,1,3
False,True,False,False,True,104.07,7000,1,1
False,True,False,True,False,78.93,9000,1,2
False,True,False,True,False,84.09,3000,2,2
False,False,True,False,True,72.03,9000,2,3
False,True,False,False,True,70.56,10000,2,2
False,True,False,False,True,84.45,10000,2,3
True,False,False,False,True,99.51,3000,2,2
False,True,False,False,True,131.56,7000,1,1
False,True,False,False,True,103.53,4000,3,2
True,False,False,False,True,91.8,1000,3,1
False,False,True,False,True,114.97,8000,1,2
True,False,False,False,True,103.19,3000,1,3
True,False,False,False,True,139.05,2000,2,1
True,False,False,False,True,72.52,4000,2,3
False,True,False,False,True,125.89,6000,1,1
False,True,False,False,True,138.12,9000,2,3
False,False,True,False,True,129.84,10000,3,1
True,False,False,False,True,91.8,5000,1,2
False,True,False,False,True,102.22,2000,2,1
True,False,False,False,True,104.07,5000,1,1
False,True,False,False,True,111.08,7000,2,1
False,False,True,False,True,83.16,1000,2,1
False,True,False,False,True,87.9,9000,2,3
False,False,True,True,False,122.8,1000,1,2
False,True,False,False,True,83.53,9000,1,1
False,False,True,False,True,112.99,7000,3,1
False,False,True,False,True,100.1,7000,3,2
False,False,True,False,True,136.73,9000,2,3
False,False,True,False,True,109.92,10000,1,2
False,True,False,False,True,123.22,3000,1,3
False,False,True,False,True,79.36,7000,2,3
False,True,False,True,False,112.15,4000,1,2
False,True,False,False,True,112.67,9000,1,3
False,False,True,False,True,98.92,1000,1,1
False,False,True,False,True,90.65,3000,1,2
False,False,True,False,True,98.25,1000,1,2
True,False,False,False,True,135.58,6000,1,2
False,True,False,False,True,95.13,7000,1,3
False,False,True,False,True,90.17,6000,2,1
False,True,False,False,True,96.64,1000,2,3
False,True,False,False,True,122.66,6000,1,1
False,False,True,True,False,125.85,5000,1,1
True,False,False,False,True,102.35,9000,2,1
False,False,True,False,True,124.84,2000,1,2
False,True,False,False,True,114.03,6000,2,1
True,False,False,False,True,102.73,1000,2,1
False,False,True,False,True,130.43,3000,1,3
True,False,False,False,True,115.99,4000,3,2
True,False,False,True,False,99.21,2000,1,3
False,False,True,False,True,92.04,7000,2,2
False,False,True,False,True,85.77,2000,2,2
True,False,False,True,False,97.65,5000,2,3
True,False,False,False,True,110.77,4000,3,3
False,False,True,False,True,135.82,3000,1,2
False,False,True,False,True,119.39,4000,1,3
False,False,True,False,True,120.04,3000,2,3
False,True,False,False,True,91.45,8000,1,2
False,False,True,False,True,74.11,8000,1,2
False,True,False,True,False,88.47,7000,2,3
False,True,False,False,True,124.2,2000,1,3
False,False,True,False,True,79.74,7000,1,2
False,False,True,False,True,118.17,1000,1,2
True,False,False,False,True,129.07,2000,1,2
False,False,True,False,True,136.02,7000,3,1
False,False,True,False,True,111.3,7000,2,2
False,True,False,True,False,93.6,3000,2,3
False,True,False,True,False,95.38,5000,1,3
False,True,False,False,True,123.38,3000,2,3
True,False,False,False,True,119.12,6000,2,2
False,False,True,False,True,88.97,10000,1,2
False,False,True,False,True,71.38,6000,2,3
False,False,True,False,True,138.76,3000,2,3
False,True,False,False,True,87.05,2000,1,3
False,True,False,False,True,100.08,1000,1,2
False,False,True,False,True,113.03,2000,2,1
True,False,False,False,True,139.72,4000,2,1
False,False,True,False,True,124.91,5000,2,3
True,False,False,False,True,128.24,9000,2,1
False,False,True,False,True,124.23,6000,2,1
False,True,False,False,True,125.16,1000,3,1
False,False,True,False,True,132.14,6000,1,1
False,False,True,False,True,78.83,5000,1,2
False,False,True,False,True,82.78,8000,3,2
False,False,True,False,True,121.26,8000,3,3
False,False,True,True,False,135.07,10000,1,1
False,False,True,False,True,93.55,10000,2,3
True,False,False,False,True,86.82,4000,2,1
True,False,False,False,True,94.34,8000,3,2
False,False,True,False,True,98.16,8000,1,1
True,False,False,False,True,124.21,7000,2,2
False,True,False,False,True,125.33,4000,2,2
False,False,True,False,True,81.17,9000,2,1
False,False,True,False,True,72.95,5000,1,2
False,False,True,False,True,130.76,3000,3,1
False,True,False,False,True,92.25,10000,1,3
False,False,True,False,True,112.94,1000,2,1
False,False,True,False,True,71.36,5000,1,2
False,False,True,False,True,72.28,5000,3,3
False,False,True,False,True,76.1,9000,1,1
False,True,False,True,False,122.95,6000,2,1
True,False,False,True,False,96.15,7000,2,3
True,False,False,False,True,122.46,10000,1,3
False,False,True,False,True,134.59,3000,1,1
False,False,True,False,True,70.61,7000,2,1
True,False,False,False,True,109.65,3000,1,3
False,False,True,True,False,111.15,5000,2,2
False,False,True,False,True,96.0,3000,1,3
False,True,False,False,True,84.82,9000,2,1
False,True,False,True,False,86.62,8000,1,1
False,True,False,False,True,98.44,1000,2,1
True,False,False,False,True,119.31,8000,2,3
True,False,False,False,True,133.7,5000,1,3
False,False,True,False,True,71.36,5000,1,2
True,False,False,False,True,118.98,9000,2,2
False,True,False,True,False,95.48,2000,2,1
False,True,False,False,True,90.86,8000,1,1
False,False,True,False,True,91.52,6000,1,1
True,False,False,False,True,139.55,1000,1,3
True,False,False,False,True,132.97,1000,1,1
False,False,True,False,True,86.06,2000,1,3
True,False,False,False,True,127.41,7000,3,2
False,False,True,True,False,125.2,10000,2,2
False,True,False,False,True,87.82,7000,1,2
False,False,True,False,True,77.69,9000,1,2
True,False,False,False,True,112.71,7000,2,1
False,False,True,False,True,115.17,1000,1,1
False,False,True,False,True,70.64,8000,2,1
False,False,True,False,True,138.68,2000,3,3
False,False,True,False,True,116.37,1000,1,3
False,True,False,False,True,125.25,10000,2,3
False,False,True,False,True,134.87,5000,2,2
False,False,True,False,True,89.13,10000,2,2
False,False,True,False,True,91.73,4000,1,3
True,False,False,False,True,102.17,1000,2,1
False,True,False,False,True,103.78,2000,1,2
False,False,True,True,False,101.08,3000,3,1
False,False,True,False,True,72.03,9000,2,2
True,False,False,False,True,87.48,3000,1,3
False,False,True,False,True,77.94,4000,2,3
False,False,True,False,True,90.34,1000,2,2
False,False,True,False,True,89.61,9000,2,2
False,False,True,False,True,121.35,4000,1,3
False,True,False,False,True,116.11,5000,1,2
True,False,False,False,True,110.84,6000,2,2
False,True,False,False,True,84.18,9000,1,2
False,False,True,False,True,120.95,4000,1,2
False,True,False,True,False,97.24,2000,2,1
False,True,False,False,True,138.57,6000,1,2
True,False,False,False,True,92.6,9000,1,2
False,False,True,False,True,113.18,1000,2,1
True,False,False,False,True,96.04,2000,1,2
False,False,True,False,True,87.98,8000,1,1
False,False,True,False,True,79.63,7000,1,3
False,False,True,True,False,127.63,3000,3,3
False,True,False,False,True,70.23,5000,3,2
False,True,False,False,True,118.55,4000,1,3
False,False,True,False,True,97.84,10000,3,3
False,False,True,False,True,139.32,7000,3,2
False,True,False,True,False,124.49,7000,2,3
True,False,False,False,True,81.98,7000,1,2
False,True,False,False,True,122.38,2000,1,1
False,True,False,False,True,118.55,8000,1,2
True,False,False,False,True,89.51,6000,2,1
False,False,True,False,True,90.68,5000,2,1
True,False,False,False,True,103.41,1000,1,3
True,False,False,False,True,128.93,5000,1,3
False,False,True,False,True,79.2,7000,2,2
False,False,True,False,True,111.37,7000,1,2
True,False,False,False,True,74.47,1000,2,2
True,False,False,False,True,86.23,2000,1,3
False,False,True,False,True,94.43,1000,1,1
False,False,True,False,True,126.07,5000,2,3
False,False,True,False,True,136.01,1000,1,2
False,True,False,False,True,102.41,7000,3,2
False,False,True,False,True,135.28,10000,3,2
False,True,False,False,True,84.23,7000,2,1
False,False,True,False,True,75.24,10000,2,2
False,False,True,False,True,110.41,8000,3,3
False,True,False,False,True,115.12,4000,1,2
False,False,True,False,True,119.88,8000,3,2
False,False,True,False,True,90.59,9000,1,1
False,False,True,False,True,83.42,5000,2,1
True,False,False,False,True,86.21,9000,1,2
False,False,True,False,True,98.72,5000,2,2
False,True,False,False,True,134.86,3000,2,3
False,True,False,True,False,133.84,2000,1,1
False,False,True,False,True,83.49,8000,1,1
False,False,True,False,True,102.77,7000,3,2
False,False,True,False,True,129.48,4000,1,3
False,False,True,False,True,86.65,4000,3,3
False,False,True,False,True,118.51,8000,2,1
False,False,True,False,True,108.87,3000,1,1
True,False,False,False,True,123.8,10000,3,1
False,False,True,False,True,75.39,8000,2,2
False,False,True,False,True,111.69,2000,2,2
True,False,False,False,True,71.16,2000,1,3
False,False,True,False,True,95.22,5000,3,3
False,False,True,False,True,110.62,2000,2,1
False,False,True,False,True,124.95,1000,1,3
True,False,False,False,True,97.51,7000,1,3
False,True,False,False,True,87.4,5000,1,1
True,False,False,False,True,94.74,2000,2,3
False,False,True,False,True,70.86,10000,1,3
False,True,False,False,True,123.1,7000,1,1
False,False,True,False,True,87.2,2000,2,3
False,False,True,True,False,101.28,8000,2,1
False,True,False,True,False,74.0,4000,1,2
False,False,True,False,True,99.28,4000,2,2
True,False,False,False,True,93.42,7000,2,3
False,False,True,False,True,136.91,1000,2,2
False,True,False,False,True,102.58,4000,2,2
False,False,True,False,True,99.34,9000,3,1
False,False,True,False,True,105.91,2000,1,3
True,False,False,False,True,132.06,6000,2,3
False,True,False,False,True,130.96,8000,2,1
False,False,True,False,True,86.4,6000,2,3
True,False,False,True,False,126.93,8000,1,2
False,False,True,False,True,138.56,7000,2,2
True,False,False,False,True,102.09,7000,1,2
False,True,False,False,True,89.25,2000,1,1
True,False,False,False,True,71.15,2000,1,2
False,True,False,False,True,100.2,1000,1,1
True,False,False,False,True,132.05,10000,1,3
False,False,True,False,True,94.5,5000,3,2
False,False,True,False,True,85.33,1000,1,1
False,False,True,True,False,73.94,3000,2,1
True,False,False,False,True,126.59,10000,3,3
False,False,True,False,True,137.35,4000,2,1
True,False,False,False,True,73.53,7000,1,2
False,False,True,False,True,139.59,8000,3,2
False,False,True,False,True,78.97,10000,1,3
False,False,True,False,True,97.78,3000,1,2
False,False,True,False,True,136.02,7000,1,1
False,True,False,False,True,127.17,6000,1,1
False,False,True,False,True,131.03,3000,1,1
False,False,True,False,True,100.46,7000,3,1
False,False,True,False,True,102.5,3000,2,2
True,False,False,False,True,93.54,6000,2,3
False,True,False,False,True,118.55,1000,1,3
False,True,False,True,False,110.0,10000,1,3
True,False,False,False,True,75.68,7000,2,3
False,False,True,False,True,109.85,3000,1,1
False,True,False,False,True,97.34,7000,1,3
False,False,True,False,True,90.93,2000,2,1
False,False,True,False,True,73.89,7000,3,2
False,False,True,False,True,138.98,4000,1,2
False,False,True,False,True,103.18,9000,2,3
False,True,False,True,False,118.79,8000,2,1
False,False,True,True,False,122.43,2000,1,1
False,True,False,False,True,71.96,4000,1,2
False,True,False,False,True,82.1,8000,2,3
True,False,False,False,True,84.23,10000,1,3
False,False,True,False,True,76.94,1000,2,2
True,False,False,False,True,136.92,8000,1,3
False,True,False,False,True,111.7,3000,1,3
True,False,False,False,True,103.72,3000,1,3
False,False,True,False,True,134.48,3000,2,3
False,False,True,False,True,123.26,2000,2,1
True,False,False,False,True,111.62,6000,1,2
False,False,True,False,True,96.01,4000,2,2
False,False,True,False,True,93.88,10000,1,2
True,False,False,False,True,123.47,4000,3,2
False,True,False,False,True,101.9,7000,1,3
False,True,False,False,True,126.7,8000,1,1
True,False,False,False,True,88.82,5000,2,1
True,False,False,False,True,81.37,2000,1,1
False,True,False,False,True,119.78,2000,1,3
False,False,True,False,True,117.06,6000,1,1
False,True,False,False,True,105.34,1000,2,3
True,False,False,False,True,117.74,10000,1,3
False,False,True,False,True,85.32,6000,1,2
True,False,False,False,True,111.36,8000,2,3
False,True,False,False,True,105.45,8000,1,1
False,False,True,False,True,118.57,8000,1,1
False,True,False,False,True,138.94,7000,1,3
False,False,True,False,True,133.23,2000,3,1
False,False,True,False,True,116.57,3000,1,2
False,False,True,False,True,101.46,10000,1,2
True,False,False,False,True,97.43,10000,1,2
False,False,True,False,True,94.84,2000,2,2
False,False,True,False,True,115.42,2000,2,3
True,False,False,False,True,74.73,10000,2,3
False,False,True,False,True,129.48,8000,3,3
False,True,False,False,True,135.99,9000,2,3
True,False,False,False,True,133.84,5000,1,1
False,False,True,False,True,86.59,4000,1,2
False,False,True,False,True,89.08,10000,1,2
False,True,False,False,True,85.07,5000,2,3
False,True,False,False,True,107.08,8000,3,3
False,True,False,False,True,123.44,2000,1,3
False,True,False,False,True,72.06,1000,2,2
False,False,True,False,True,89.46,6000,1,3
False,True,False,False,True,82.86,7000,2,2
False,True,False,False,True,120.2,9000,1,2
True,False,False,False,True,132.77,10000,1,1
False,True,False,False,True,70.2,10000,1,3
False,False,True,False,True,138.36,10000,1,1
False,True,False,False,True,73.81,2000,1,3
False,False,True,False,True,128.41,9000,1,2
True,False,False,False,True,92.87,7000,1,3
False,True,False,False,True,124.08,4000,1,2
False,False,True,False,True,86.75,9000,2,1
True,False,False,False,True,87.78,4000,3,2
False,False,True,False,True,93.16,8000,1,3
False,False,True,False,True,88.81,2000,2,3
False,True,False,False,True,91.55,4000,1,1
False,False,True,False,True,100.89,3000,2,2
False,False,True,True,False,119.02,4000,1,2
False,False,True,False,True,80.44,3000,1,2
False,True,False,True,False,76.35,7000,2,2
False,False,True,False,True,120.12,9000,1,1
False,False,True,False,True,91.42,5000,3,3
False,False,True,True,False,73.2,2000,1,2
False,True,False,False,True,98.9,1000,1,1
True,False,False,False,True,72.87,8000,1,2
True,False,False,False,True,111.97,4000,3,3
False,False,True,False,True,100.9,2000,2,2
True,False,False,False,True,112.24,3000,1,1
True,False,False,False,True,112.77,4000,1,3
False,False,True,False,True,118.38,7000,1,2
False,False,True,False,True,72.96,7000,2,3
False,True,False,True,False,115.6,10000,2,1
False,False,True,False,True,134.69,4000,1,3
False,False,True,False,True,70.28,9000,3,1
True,False,False,False,True,121.84,7000,3,1
False,False,True,False,True,105.75,1000,2,1
False,False,True,False,True,113.46,2000,2,3
